frame_idx,h1_l0x,h1_l0y,h1_l0z,h1_l1x,h1_l1y,h1_l1z,h1_l2x,h1_l2y,h1_l2z,h1_l3x,h1_l3y,h1_l3z,h1_l4x,h1_l4y,h1_l4z,h1_l5x,h1_l5y,h1_l5z,h1_l6x,h1_l6y,h1_l6z,h1_l7x,h1_l7y,h1_l7z,h1_l8x,h1_l8y,h1_l8z,h1_l9x,h1_l9y,h1_l9z,h1_l10x,h1_l10y,h1_l10z,h1_l11x,h1_l11y,h1_l11z,h1_l12x,h1_l12y,h1_l12z,h1_l13x,h1_l13y,h1_l13z,h1_l14x,h1_l14y,h1_l14z,h1_l15x,h1_l15y,h1_l15z,h1_l16x,h1_l16y,h1_l16z,h1_l17x,h1_l17y,h1_l17z,h1_l18x,h1_l18y,h1_l18z,h1_l19x,h1_l19y,h1_l19z,h1_l20x,h1_l20y,h1_l20z,h2_l0x,h2_l0y,h2_l0z,h2_l1x,h2_l1y,h2_l1z,h2_l2x,h2_l2y,h2_l2z,h2_l3x,h2_l3y,h2_l3z,h2_l4x,h2_l4y,h2_l4z,h2_l5x,h2_l5y,h2_l5z,h2_l6x,h2_l6y,h2_l6z,h2_l7x,h2_l7y,h2_l7z,h2_l8x,h2_l8y,h2_l8z,h2_l9x,h2_l9y,h2_l9z,h2_l10x,h2_l10y,h2_l10z,h2_l11x,h2_l11y,h2_l11z,h2_l12x,h2_l12y,h2_l12z,h2_l13x,h2_l13y,h2_l13z,h2_l14x,h2_l14y,h2_l14z,h2_l15x,h2_l15y,h2_l15z,h2_l16x,h2_l16y,h2_l16z,h2_l17x,h2_l17y,h2_l17z,h2_l18x,h2_l18y,h2_l18z,h2_l19x,h2_l19y,h2_l19z,h2_l20x,h2_l20y,h2_l20z,face_k0x,face_k0y,face_k1x,face_k1y,face_k2x,face_k2y,face_k3x,face_k3y,face_k4x,face_k4y,face_k5x,face_k5y
0,0.800066,0.85862476,7.9696395e-07,0.7928019,0.7535699,-0.026393117,0.76243806,0.66742545,-0.04517077,0.7373519,0.591838,-0.059352703,0.73977375,0.5270176,-0.07135693,0.67912287,0.6992173,-0.052839875,0.5982954,0.6350686,-0.06935266,0.5517745,0.60355705,-0.07668134,0.5153246,0.5788661,-0.0793777,0.6486722,0.7672206,-0.04306674,0.5548385,0.73202336,-0.05738035,0.4959672,0.71177953,-0.06259214,0.45497257,0.7029656,-0.06394316,0.6399122,0.8251751,-0.031098465,0.6015713,0.7756931,-0.039394863,0.6309976,0.7652728,-0.03253845,0.6607969,0.77429277,-0.022459986,0.64199233,0.8702824,-0.021580337,0.6274601,0.81858724,-0.020905154,0.6509783,0.81251955,-0.0103629865,0.6745192,0.81868607,0.0015732136,0.0,0.0,0.0,0.0,0.0,0.0,0.0,0.0,0.0,0.0,0.0,0.0,0.0,0.0,0.0,0.0,0.0,0.0,0.0,0.0,0.0,0.0,0.0,0.0,0.0,0.0,0.0,0.0,0.0,0.0,0.0,0.0,0.0,0.0,0.0,0.0,0.0,0.0,0.0,0.0,0.0,0.0,0.0,0.0,0.0,0.0,0.0,0.0,0.0,0.0,0.0,0.0,0.0,0.0,0.0,0.0,0.0,0.0,0.0,0.0,0.0,0.0,0.0,0.40075535,0.09675692,0.521254,0.088220015,0.43489584,0.14175434,0.44789335,0.24880649,0.3764935,0.18395866,0.6371723,0.17764132
1,0.8020837,0.8660384,7.949277e-07,0.792828,0.75993365,-0.023670794,0.76318294,0.67499286,-0.041758765,0.7408806,0.5994427,-0.055414677,0.74174076,0.53928316,-0.06778748,0.6788138,0.710136,-0.054884486,0.59926075,0.6457321,-0.07000555,0.55258703,0.61473596,-0.07625578,0.5156696,0.59112036,-0.07861692,0.65114015,0.77894956,-0.046961572,0.5567082,0.74388194,-0.061680775,0.49853146,0.72624815,-0.067332305,0.45782003,0.71864116,-0.06947228,0.6431993,0.8396851,-0.035895735,0.59977376,0.7930668,-0.044969354,0.6275877,0.78238094,-0.038397126,0.6569123,0.7898395,-0.02903777,0.64592135,0.88892156,-0.026700836,0.6267162,0.8415913,-0.02743434,0.65003514,0.8360533,-0.016442448,0.6737725,0.84317464,-0.0042351773,0.0,0.0,0.0,0.0,0.0,0.0,0.0,0.0,0.0,0.0,0.0,0.0,0.0,0.0,0.0,0.0,0.0,0.0,0.0,0.0,0.0,0.0,0.0,0.0,0.0,0.0,0.0,0.0,0.0,0.0,0.0,0.0,0.0,0.0,0.0,0.0,0.0,0.0,0.0,0.0,0.0,0.0,0.0,0.0,0.0,0.0,0.0,0.0,0.0,0.0,0.0,0.0,0.0,0.0,0.0,0.0,0.0,0.0,0.0,0.0,0.0,0.0,0.0,0.40421057,0.097403005,0.5205234,0.09747888,0.4292079,0.16005172,0.44094998,0.26023299,0.38695207,0.16811801,0.64034814,0.17983516
2,0.80243343,0.8651187,8.201782e-07,0.79274356,0.7610997,-0.02432149,0.7626465,0.67592347,-0.0433027,0.7390065,0.6006016,-0.05861549,0.7406969,0.5376686,-0.07254645,0.6796871,0.70790136,-0.05267674,0.6002199,0.64742565,-0.0703258,0.55352163,0.6162723,-0.07891644,0.5169375,0.5921078,-0.08260002,0.6509557,0.7754385,-0.045064673,0.55707324,0.7447139,-0.060972676,0.49733558,0.72665435,-0.067679875,0.45650342,0.7183332,-0.0703612,0.6429734,0.83747554,-0.034945607,0.60174865,0.7952137,-0.044253223,0.6309693,0.7866778,-0.036690988,0.661853,0.7950394,-0.026302706,0.6458111,0.8876107,-0.027085496,0.6287822,0.84768605,-0.026952703,0.6523599,0.8428013,-0.01535692,0.67587197,0.8496208,-0.0026565427,0.0,0.0,0.0,0.0,0.0,0.0,0.0,0.0,0.0,0.0,0.0,0.0,0.0,0.0,0.0,0.0,0.0,0.0,0.0,0.0,0.0,0.0,0.0,0.0,0.0,0.0,0.0,0.0,0.0,0.0,0.0,0.0,0.0,0.0,0.0,0.0,0.0,0.0,0.0,0.0,0.0,0.0,0.0,0.0,0.0,0.0,0.0,0.0,0.0,0.0,0.0,0.0,0.0,0.0,0.0,0.0,0.0,0.0,0.0,0.0,0.0,0.0,0.0,0.40421057,0.097403005,0.5205234,0.09747888,0.4292079,0.16005172,0.44094998,0.26023299,0.38695207,0.16811801,0.64034814,0.17983516
3,0.7995972,0.86694413,8.059955e-07,0.791117,0.76567835,-0.02505209,0.76156366,0.67989063,-0.044376064,0.7402153,0.60176957,-0.060209755,0.7437945,0.5357126,-0.074886724,0.68028295,0.7076629,-0.05216177,0.60029286,0.6470407,-0.07025799,0.55419135,0.6161072,-0.07848777,0.518516,0.5918089,-0.08160532,0.65105814,0.773883,-0.045084007,0.5578624,0.7430405,-0.06127686,0.4992118,0.72508633,-0.067696154,0.45889494,0.71631217,-0.069730416,0.6422955,0.83586156,-0.035906572,0.6036754,0.795131,-0.04708917,0.6330968,0.78871655,-0.040842675,0.6636132,0.7975473,-0.030682487,0.64459264,0.8867874,-0.028948432,0.6298732,0.84977245,-0.030831149,0.6533515,0.8462521,-0.02043743,0.6762888,0.853475,-0.008157149,0.0,0.0,0.0,0.0,0.0,0.0,0.0,0.0,0.0,0.0,0.0,0.0,0.0,0.0,0.0,0.0,0.0,0.0,0.0,0.0,0.0,0.0,0.0,0.0,0.0,0.0,0.0,0.0,0.0,0.0,0.0,0.0,0.0,0.0,0.0,0.0,0.0,0.0,0.0,0.0,0.0,0.0,0.0,0.0,0.0,0.0,0.0,0.0,0.0,0.0,0.0,0.0,0.0,0.0,0.0,0.0,0.0,0.0,0.0,0.0,0.0,0.0,0.0,0.40498477,0.09826465,0.5234624,0.09695779,0.432485,0.15991177,0.44388753,0.26206857,0.3849318,0.17259832,0.64325964,0.18222003
4,0.8042489,0.86741716,7.7337234e-07,0.79806125,0.76509553,-0.023662563,0.76870763,0.67608464,-0.041778367,0.74518776,0.5986275,-0.055788405,0.7470854,0.53405887,-0.067993514,0.6924328,0.7077842,-0.05648629,0.608845,0.6444591,-0.07577992,0.56117165,0.6115665,-0.0836961,0.523932,0.5855689,-0.08623649,0.6609338,0.77449805,-0.048569173,0.56380665,0.739516,-0.06644945,0.5038031,0.7191581,-0.07271146,0.4617433,0.71007025,-0.07435086,0.65014946,0.8325937,-0.037744924,0.60916924,0.78484994,-0.048577454,0.63908803,0.7763441,-0.04013748,0.6699132,0.78615403,-0.028165452,0.6502729,0.8786308,-0.029022023,0.6333536,0.8305772,-0.028949287,0.6573346,0.82650775,-0.016570158,0.68120444,0.8350141,-0.0029159999,0.0,0.0,0.0,0.0,0.0,0.0,0.0,0.0,0.0,0.0,0.0,0.0,0.0,0.0,0.0,0.0,0.0,0.0,0.0,0.0,0.0,0.0,0.0,0.0,0.0,0.0,0.0,0.0,0.0,0.0,0.0,0.0,0.0,0.0,0.0,0.0,0.0,0.0,0.0,0.0,0.0,0.0,0.0,0.0,0.0,0.0,0.0,0.0,0.0,0.0,0.0,0.0,0.0,0.0,0.0,0.0,0.0,0.0,0.0,0.0,0.0,0.0,0.0,0.40234026,0.09587099,0.52411604,0.09454627,0.43511027,0.1522208,0.4450244,0.2579527,0.37538287,0.1760823,0.6382374,0.18480174
5,0.8051847,0.8613001,7.9770234e-07,0.79787505,0.7589444,-0.023771064,0.7673584,0.6739892,-0.042333703,0.7445138,0.59840864,-0.057427652,0.7458117,0.5328772,-0.07121878,0.68610674,0.698398,-0.050787553,0.60689294,0.6360035,-0.06816964,0.5597973,0.6049461,-0.07663656,0.5226279,0.58140916,-0.08033809,0.6561065,0.76357144,-0.04327176,0.56385094,0.7313257,-0.058466136,0.5035977,0.71386117,-0.0648614,0.4606396,0.70685714,-0.06743069,0.64673764,0.8235302,-0.033493634,0.6063544,0.7829238,-0.043169215,0.6372867,0.7764563,-0.035710026,0.6682126,0.7857218,-0.025203204,0.64844793,0.87208,-0.025954908,0.63103557,0.82894456,-0.026893085,0.6556993,0.825594,-0.01577732,0.6795401,0.83295876,-0.0032694277,0.0,0.0,0.0,0.0,0.0,0.0,0.0,0.0,0.0,0.0,0.0,0.0,0.0,0.0,0.0,0.0,0.0,0.0,0.0,0.0,0.0,0.0,0.0,0.0,0.0,0.0,0.0,0.0,0.0,0.0,0.0,0.0,0.0,0.0,0.0,0.0,0.0,0.0,0.0,0.0,0.0,0.0,0.0,0.0,0.0,0.0,0.0,0.0,0.0,0.0,0.0,0.0,0.0,0.0,0.0,0.0,0.0,0.0,0.0,0.0,0.0,0.0,0.0,0.39890817,0.10191698,0.51761615,0.095153764,0.43012878,0.15667991,0.44270182,0.2616235,0.37662187,0.18336727,0.634102,0.18212242
6,0.80442476,0.85715246,7.856136e-07,0.79724634,0.75615686,-0.024301773,0.7667236,0.6692953,-0.043355357,0.7459227,0.5911908,-0.058502387,0.74505925,0.5281504,-0.07233542,0.6907873,0.6978963,-0.05535303,0.6088299,0.6337104,-0.0750038,0.56276345,0.5994004,-0.08394108,0.5266091,0.5728915,-0.08717296,0.6612789,0.7638906,-0.04860182,0.56546354,0.7289651,-0.06644935,0.5059226,0.7096987,-0.07320907,0.4627064,0.7017409,-0.07540154,0.6513822,0.8229274,-0.039497998,0.6081302,0.77847755,-0.053244237,0.63740754,0.7694639,-0.046926454,0.66726303,0.7775027,-0.036243815,0.65223336,0.8703844,-0.032282807,0.6319837,0.82272375,-0.0360804,0.656614,0.81883264,-0.024911059,0.6808725,0.8275361,-0.01187916,0.0,0.0,0.0,0.0,0.0,0.0,0.0,0.0,0.0,0.0,0.0,0.0,0.0,0.0,0.0,0.0,0.0,0.0,0.0,0.0,0.0,0.0,0.0,0.0,0.0,0.0,0.0,0.0,0.0,0.0,0.0,0.0,0.0,0.0,0.0,0.0,0.0,0.0,0.0,0.0,0.0,0.0,0.0,0.0,0.0,0.0,0.0,0.0,0.0,0.0,0.0,0.0,0.0,0.0,0.0,0.0,0.0,0.0,0.0,0.0,0.0,0.0,0.0,0.39858985,0.10399641,0.51796055,0.09712733,0.43016982,0.15643097,0.44360328,0.25993973,0.37869838,0.18463401,0.6356583,0.18224676
7,0.80277807,0.8048509,6.972099e-07,0.79980963,0.7105193,-0.026867367,0.76952374,0.6183007,-0.044482388,0.7484381,0.54658425,-0.05892139,0.74937105,0.4882268,-0.07259102,0.69722646,0.63157487,-0.052643716,0.6185472,0.5665353,-0.07900489,0.57103384,0.5322782,-0.09114526,0.535293,0.5071601,-0.09527677,0.6663586,0.6897622,-0.04779711,0.5715417,0.6526627,-0.07367933,0.5114749,0.63388085,-0.084664956,0.4672625,0.62513345,-0.08717121,0.6544726,0.7432269,-0.042087965,0.61284477,0.7194574,-0.065131545,0.6390245,0.7105682,-0.064338386,0.6690185,0.7143956,-0.05415227,0.6548961,0.7884053,-0.03816041,0.6326447,0.77007157,-0.04745643,0.6544705,0.76391244,-0.039020568,0.67763174,0.7697371,-0.02632809,0.0,0.0,0.0,0.0,0.0,0.0,0.0,0.0,0.0,0.0,0.0,0.0,0.0,0.0,0.0,0.0,0.0,0.0,0.0,0.0,0.0,0.0,0.0,0.0,0.0,0.0,0.0,0.0,0.0,0.0,0.0,0.0,0.0,0.0,0.0,0.0,0.0,0.0,0.0,0.0,0.0,0.0,0.0,0.0,0.0,0.0,0.0,0.0,0.0,0.0,0.0,0.0,0.0,0.0,0.0,0.0,0.0,0.0,0.0,0.0,0.0,0.0,0.0,0.39558944,0.10290922,0.5177715,0.09791143,0.43009192,0.15420176,0.44189662,0.25863308,0.3702779,0.18518426,0.63174385,0.18561523
8,0.78107697,0.7548335,6.932194e-07,0.7908835,0.6614761,-0.037526943,0.76500225,0.561924,-0.057683114,0.7453836,0.47919258,-0.074042104,0.7478442,0.41214126,-0.09069908,0.688957,0.56426364,-0.060577117,0.620573,0.49119443,-0.09313674,0.5727347,0.45216066,-0.11321974,0.53066826,0.42828068,-0.12482376,0.65605414,0.6125374,-0.054889664,0.58771586,0.55606735,-0.08603183,0.532401,0.5338349,-0.10135339,0.4832995,0.5241113,-0.108361386,0.6420629,0.66333157,-0.05033617,0.6169643,0.6359843,-0.08013572,0.64724183,0.6395789,-0.078537665,0.6767994,0.65225166,-0.06878381,0.6420202,0.71193546,-0.049093653,0.62763095,0.6876344,-0.067498125,0.6512763,0.68807656,-0.060575146,0.67648166,0.6965979,-0.04903244,0.0,0.0,0.0,0.0,0.0,0.0,0.0,0.0,0.0,0.0,0.0,0.0,0.0,0.0,0.0,0.0,0.0,0.0,0.0,0.0,0.0,0.0,0.0,0.0,0.0,0.0,0.0,0.0,0.0,0.0,0.0,0.0,0.0,0.0,0.0,0.0,0.0,0.0,0.0,0.0,0.0,0.0,0.0,0.0,0.0,0.0,0.0,0.0,0.0,0.0,0.0,0.0,0.0,0.0,0.0,0.0,0.0,0.0,0.0,0.0,0.0,0.0,0.0,0.39801285,0.10887392,0.5141866,0.09935109,0.42923126,0.16457184,0.4437882,0.26450342,0.37939522,0.18431254,0.63061684,0.17521717
9,0.78809595,0.673504,5.785526e-07,0.77795786,0.54273677,-0.012159899,0.74352306,0.417616,-0.028163688,0.72083557,0.32033908,-0.0431098,0.71424675,0.24514577,-0.06120438,0.70336413,0.4620006,-0.06016018,0.6317713,0.39815468,-0.08787128,0.58249724,0.3545776,-0.103894755,0.541825,0.3197248,-0.11504644,0.6765684,0.5204562,-0.06674291,0.61600626,0.45646518,-0.09167196,0.5784378,0.40872896,-0.10265508,0.55122554,0.36863327,-0.11210301,0.657471,0.5763975,-0.071803376,0.6089989,0.5168941,-0.0901909,0.584435,0.47029805,-0.091103286,0.5699458,0.4315899,-0.093027025,0.6472159,0.6283743,-0.07753855,0.60606676,0.5737734,-0.09040052,0.5882998,0.53509283,-0.08924515,0.5777349,0.50209606,-0.08840387,0.0,0.0,0.0,0.0,0.0,0.0,0.0,0.0,0.0,0.0,0.0,0.0,0.0,0.0,0.0,0.0,0.0,0.0,0.0,0.0,0.0,0.0,0.0,0.0,0.0,0.0,0.0,0.0,0.0,0.0,0.0,0.0,0.0,0.0,0.0,0.0,0.0,0.0,0.0,0.0,0.0,0.0,0.0,0.0,0.0,0.0,0.0,0.0,0.0,0.0,0.0,0.0,0.0,0.0,0.0,0.0,0.0,0.0,0.0,0.0,0.0,0.0,0.0,0.40687102,0.11277433,0.52273685,0.10057326,0.43313706,0.17064507,0.4495836,0.2765996,0.39345476,0.19068684,0.65029615,0.17666043
10,0.67869127,0.48289186,3.8756104e-07,0.67400914,0.36357018,0.014471816,0.6522368,0.2870877,0.017699907,0.6474585,0.21593091,0.016563695,0.65353936,0.15573521,0.015315877,0.5580698,0.27805534,0.026162863,0.4919453,0.21190327,0.03573805,0.4451117,0.18123633,0.03692487,0.41036037,0.15686683,0.035501935,0.52756625,0.339033,0.018976886,0.44096667,0.3159063,0.03127188,0.39671785,0.30423847,0.033319764,0.3740687,0.29621992,0.03171313,0.51040834,0.4022227,0.0131483115,0.43657827,0.3687602,0.0255214,0.4324176,0.34791312,0.037203807,0.44603342,0.34136975,0.04366229,0.50575423,0.45496,0.007609519,0.45012328,0.41399598,0.021282239,0.44840133,0.39436346,0.03900515,0.46221995,0.38330618,0.052505575,0.0,0.0,0.0,0.0,0.0,0.0,0.0,0.0,0.0,0.0,0.0,0.0,0.0,0.0,0.0,0.0,0.0,0.0,0.0,0.0,0.0,0.0,0.0,0.0,0.0,0.0,0.0,0.0,0.0,0.0,0.0,0.0,0.0,0.0,0.0,0.0,0.0,0.0,0.0,0.0,0.0,0.0,0.0,0.0,0.0,0.0,0.0,0.0,0.0,0.0,0.0,0.0,0.0,0.0,0.0,0.0,0.0,0.0,0.0,0.0,0.0,0.0,0.0,0.41125584,0.12834449,0.5232285,0.085298434,0.4466606,0.1640654,0.48184133,0.27954245,0.41072366,0.23515888,0.6706678,0.1472436
11,0.62584007,0.44364476,6.3810774e-07,0.61044526,0.32699376,0.009806051,0.5604348,0.2600396,0.020998161,0.5083379,0.2271436,0.031293258,0.47141805,0.21163371,0.043052074,0.49563038,0.26351303,0.014631929,0.44202513,0.19958313,0.02643531,0.40348008,0.1682241,0.034103587,0.37504837,0.14420663,0.03998612,0.4628952,0.324491,0.016808607,0.3988005,0.294383,0.033880208,0.35274357,0.281403,0.043816224,0.32369918,0.27676994,0.04994851,0.4510178,0.38109407,0.021204503,0.4215405,0.34485626,0.042841412,0.43802252,0.3296701,0.05605322,0.4609862,0.33176115,0.063014,0.45137724,0.43237168,0.025193585,0.44176945,0.39537376,0.047288015,0.454159,0.3809708,0.06324055,0.47168916,0.3780674,0.07513235,0.0,0.0,0.0,0.0,0.0,0.0,0.0,0.0,0.0,0.0,0.0,0.0,0.0,0.0,0.0,0.0,0.0,0.0,0.0,0.0,0.0,0.0,0.0,0.0,0.0,0.0,0.0,0.0,0.0,0.0,0.0,0.0,0.0,0.0,0.0,0.0,0.0,0.0,0.0,0.0,0.0,0.0,0.0,0.0,0.0,0.0,0.0,0.0,0.0,0.0,0.0,0.0,0.0,0.0,0.0,0.0,0.0,0.0,0.0,0.0,0.0,0.0,0.0,0.4922681,0.087937996,0.58037776,0.04297398,0.5815458,0.087736025,0.60022354,0.19036393,0.41195503,0.2383404,0.6147211,0.12316798
12,0.56797856,0.43004987,7.925726e-07,0.57187533,0.32446027,-0.008860289,0.55313236,0.24475756,-0.01679778,0.54370177,0.17643182,-0.026113998,0.54919606,0.121563986,-0.03454363,0.47206497,0.254781,-0.013639142,0.41217053,0.18652527,-0.022912666,0.37110907,0.15882199,-0.027992224,0.33940008,0.13860546,-0.030113248,0.43647936,0.31935167,-0.012252544,0.3691917,0.29144633,-0.017638966,0.31963837,0.28279454,-0.020246956,0.28393155,0.28206253,-0.020998787,0.42510518,0.37893403,-0.010281713,0.39461035,0.3541919,-0.011897975,0.4185907,0.3500363,-0.005667321,0.44684377,0.35779354,0.0022277434,0.4289743,0.4298696,-0.0096484525,0.41797602,0.40208828,-0.003618652,0.43551424,0.39994684,0.008890027,0.45800918,0.4062927,0.021254536,0.0,0.0,0.0,0.0,0.0,0.0,0.0,0.0,0.0,0.0,0.0,0.0,0.0,0.0,0.0,0.0,0.0,0.0,0.0,0.0,0.0,0.0,0.0,0.0,0.0,0.0,0.0,0.0,0.0,0.0,0.0,0.0,0.0,0.0,0.0,0.0,0.0,0.0,0.0,0.0,0.0,0.0,0.0,0.0,0.0,0.0,0.0,0.0,0.0,0.0,0.0,0.0,0.0,0.0,0.0,0.0,0.0,0.0,0.0,0.0,0.0,0.0,0.0,0.4226036,0.15356185,0.5100754,0.07556759,0.5024473,0.15811242,0.542765,0.23182763,0.39250043,0.26825976,0.58814365,0.08267617
13,0.5148297,0.42135745,6.551066e-07,0.51036406,0.33623275,-0.039004065,0.49038014,0.26388127,-0.056474116,0.4756701,0.20643634,-0.06916378,0.47709817,0.15564384,-0.081012234,0.39662194,0.30530256,-0.033482157,0.34202647,0.25738078,-0.04977511,0.3057193,0.23050809,-0.06458463,0.27295268,0.2130574,-0.07534848,0.37641856,0.35606983,-0.021639843,0.31606597,0.34177306,-0.035493415,0.27525353,0.33792242,-0.048254214,0.24028324,0.34080458,-0.057490405,0.3733871,0.40043315,-0.012776722,0.33676392,0.3945379,-0.02940974,0.34547567,0.39213857,-0.03519572,0.35687006,0.39127517,-0.034937426,0.3811792,0.4366482,-0.007326169,0.3541428,0.43295282,-0.019558067,0.36139935,0.43142682,-0.019768143,0.3733908,0.43062067,-0.016467141,0.0,0.0,0.0,0.0,0.0,0.0,0.0,0.0,0.0,0.0,0.0,0.0,0.0,0.0,0.0,0.0,0.0,0.0,0.0,0.0,0.0,0.0,0.0,0.0,0.0,0.0,0.0,0.0,0.0,0.0,0.0,0.0,0.0,0.0,0.0,0.0,0.0,0.0,0.0,0.0,0.0,0.0,0.0,0.0,0.0,0.0,0.0,0.0,0.0,0.0,0.0,0.0,0.0,0.0,0.0,0.0,0.0,0.0,0.0,0.0,0.0,0.0,0.0,0.43518212,0.13168706,0.5499256,0.10718222,0.49507552,0.17543654,0.50862,0.27060074,0.38924223,0.2189893,0.63332254,0.16628884
14,0.49532625,0.47545674,6.35526e-07,0.5104988,0.3705827,-0.013122178,0.4911642,0.28970754,-0.016238017,0.4721709,0.22824028,-0.019940509,0.47364184,0.17280076,-0.023496008,0.3929063,0.31361255,0.0010992117,0.33789027,0.26124454,-0.004840239,0.2992355,0.23167929,-0.013328712,0.26893488,0.21269034,-0.019658975,0.36067674,0.37573004,0.0037016403,0.30443123,0.3519654,0.0052261767,0.26622742,0.34633,-0.0006403693,0.2376765,0.34997526,-0.005715712,0.35444152,0.43560562,0.0048218346,0.33464554,0.42138115,0.002571686,0.35653707,0.42460468,0.0005693613,0.3781986,0.4325663,0.0017077758,0.36087394,0.49192756,0.0043367385,0.35393843,0.47536176,0.0040430916,0.37255415,0.47818172,0.008325971,0.39295462,0.48276126,0.014282812,0.0,0.0,0.0,0.0,0.0,0.0,0.0,0.0,0.0,0.0,0.0,0.0,0.0,0.0,0.0,0.0,0.0,0.0,0.0,0.0,0.0,0.0,0.0,0.0,0.0,0.0,0.0,0.0,0.0,0.0,0.0,0.0,0.0,0.0,0.0,0.0,0.0,0.0,0.0,0.0,0.0,0.0,0.0,0.0,0.0,0.0,0.0,0.0,0.0,0.0,0.0,0.0,0.0,0.0,0.0,0.0,0.0,0.0,0.0,0.0,0.0,0.0,0.0,0.43518212,0.13168706,0.5499256,0.10718222,0.49507552,0.17543654,0.50862,0.27060074,0.38924223,0.2189893,0.63332254,0.16628884
15,0.46410137,0.5432968,5.596176e-07,0.4593334,0.4502308,-0.023738699,0.43985438,0.36209658,-0.032214306,0.4232572,0.2915478,-0.035081368,0.41338757,0.24765745,-0.035850413,0.35630634,0.41431856,-0.016313303,0.2981778,0.36236936,-0.016192729,0.2632255,0.336725,-0.01913557,0.23308411,0.3219745,-0.021550054,0.33469588,0.45949408,-0.0034956804,0.28159478,0.4114444,0.0043588993,0.251938,0.38838857,0.0036465775,0.2278189,0.3808434,0.000578095,0.32504553,0.496229,0.008213832,0.28003728,0.46150666,0.0158317,0.258209,0.44619763,0.016991075,0.24214354,0.4414971,0.015928768,0.32608283,0.5220337,0.017630473,0.28681582,0.49723792,0.026228538,0.27085903,0.48566425,0.033634797,0.26141328,0.4811461,0.0383488,0.0,0.0,0.0,0.0,0.0,0.0,0.0,0.0,0.0,0.0,0.0,0.0,0.0,0.0,0.0,0.0,0.0,0.0,0.0,0.0,0.0,0.0,0.0,0.0,0.0,0.0,0.0,0.0,0.0,0.0,0.0,0.0,0.0,0.0,0.0,0.0,0.0,0.0,0.0,0.0,0.0,0.0,0.0,0.0,0.0,0.0,0.0,0.0,0.0,0.0,0.0,0.0,0.0,0.0,0.0,0.0,0.0,0.0,0.0,0.0,0.0,0.0,0.0,0.43648416,0.12259449,0.5523205,0.119319186,0.47380146,0.17237575,0.48114124,0.27020222,0.40317214,0.2011451,0.64981914,0.20401974
16,0.43855822,0.59451574,4.7634066e-07,0.4442017,0.5000799,-0.014743448,0.41957486,0.4197316,-0.016722785,0.4044976,0.35501844,-0.01591854,0.40544525,0.2987972,-0.014721136,0.3370928,0.44585675,-0.004135825,0.28333223,0.40088388,5.3277694e-05,0.2494612,0.37697312,0.0015546988,0.22308153,0.35845003,0.0025662568,0.31401056,0.5010691,0.0067725,0.26318514,0.49106994,0.018606365,0.2328462,0.4930105,0.019359065,0.21168734,0.50409913,0.01853124,0.30925128,0.54796815,0.017308246,0.29156667,0.5249587,0.024086084,0.3144564,0.52083904,0.01887546,0.33491653,0.526479,0.016701557,0.31087828,0.5854572,0.027010247,0.30355665,0.5664025,0.03154698,0.3239344,0.5651844,0.03177359,0.34578866,0.57016397,0.034385726,0.0,0.0,0.0,0.0,0.0,0.0,0.0,0.0,0.0,0.0,0.0,0.0,0.0,0.0,0.0,0.0,0.0,0.0,0.0,0.0,0.0,0.0,0.0,0.0,0.0,0.0,0.0,0.0,0.0,0.0,0.0,0.0,0.0,0.0,0.0,0.0,0.0,0.0,0.0,0.0,0.0,0.0,0.0,0.0,0.0,0.0,0.0,0.0,0.0,0.0,0.0,0.0,0.0,0.0,0.0,0.0,0.0,0.0,0.0,0.0,0.0,0.0,0.0,0.43718845,0.118455306,0.5570882,0.11887385,0.4800678,0.1769041,0.48384643,0.27620524,0.39300957,0.19471698,0.6478623,0.2051933
17,0.45280132,0.67763555,4.3762714e-07,0.4517771,0.56770396,-0.017668122,0.42353895,0.48250005,-0.022595717,0.40717122,0.41394836,-0.026169764,0.4084757,0.35732442,-0.029481981,0.34747252,0.5222988,-0.008392567,0.28788048,0.4799812,-0.010857748,0.25428453,0.45833823,-0.013400045,0.22651687,0.4403523,-0.016227972,0.3239488,0.5867154,-0.0033827722,0.27642536,0.56314373,-0.0052108094,0.24864784,0.55864465,-0.013512835,0.22715835,0.5619154,-0.019866874,0.32013237,0.6431062,0.0009684176,0.31037256,0.61285806,-0.005872987,0.33787552,0.60787153,-0.012528836,0.3618117,0.6136006,-0.0141899,0.3264416,0.6909121,0.0040373458,0.32542077,0.6630169,-0.00039054058,0.34829143,0.66414607,6.20297e-05,0.36988798,0.6728865,0.0031074076,0.0,0.0,0.0,0.0,0.0,0.0,0.0,0.0,0.0,0.0,0.0,0.0,0.0,0.0,0.0,0.0,0.0,0.0,0.0,0.0,0.0,0.0,0.0,0.0,0.0,0.0,0.0,0.0,0.0,0.0,0.0,0.0,0.0,0.0,0.0,0.0,0.0,0.0,0.0,0.0,0.0,0.0,0.0,0.0,0.0,0.0,0.0,0.0,0.0,0.0,0.0,0.0,0.0,0.0,0.0,0.0,0.0,0.0,0.0,0.0,0.0,0.0,0.0,0.43010473,0.11225797,0.54379547,0.11471547,0.45881996,0.17625077,0.4659412,0.27291423,0.4037336,0.18085374,0.651457,0.19669299
18,0.45752543,0.71775115,5.422258e-07,0.45501924,0.6035717,-0.00040240676,0.42590803,0.5211051,0.0058272616,0.40692207,0.45875868,0.010834564,0.41021496,0.40272695,0.015857143,0.3420968,0.5622785,0.02008564,0.28228623,0.5151214,0.034821194,0.25016826,0.49417055,0.04397396,0.22740708,0.47604173,0.049877223,0.3199528,0.6236849,0.025755357,0.2695459,0.6032995,0.04964384,0.23924664,0.5928871,0.056832336,0.22265397,0.5933753,0.059544053,0.3176618,0.67793643,0.030895678,0.3089676,0.6535805,0.05017155,0.3314255,0.6472392,0.045798764,0.3528462,0.6534335,0.041458912,0.32225215,0.7234472,0.035423055,0.32693914,0.70145357,0.048782077,0.34440523,0.700698,0.047190744,0.36137816,0.7058637,0.046249636,0.0,0.0,0.0,0.0,0.0,0.0,0.0,0.0,0.0,0.0,0.0,0.0,0.0,0.0,0.0,0.0,0.0,0.0,0.0,0.0,0.0,0.0,0.0,0.0,0.0,0.0,0.0,0.0,0.0,0.0,0.0,0.0,0.0,0.0,0.0,0.0,0.0,0.0,0.0,0.0,0.0,0.0,0.0,0.0,0.0,0.0,0.0,0.0,0.0,0.0,0.0,0.0,0.0,0.0,0.0,0.0,0.0,0.0,0.0,0.0,0.0,0.0,0.0,0.42910603,0.12048544,0.5445609,0.121408924,0.45934206,0.19050516,0.46783876,0.28324813,0.40311784,0.18130223,0.6537799,0.192863
19,0.4678918,0.7253191,5.441553e-07,0.45664173,0.6118627,0.0037809948,0.42751697,0.52899265,0.011128619,0.4108549,0.461837,0.016507126,0.41171587,0.40611038,0.022191714,0.3456346,0.56937414,0.028866842,0.2830012,0.521294,0.045983855,0.251116,0.50091916,0.056108113,0.22840756,0.4829702,0.063243166,0.32542425,0.6318896,0.034782697,0.27353254,0.6077079,0.06261504,0.24272454,0.5972225,0.07238577,0.22548251,0.59662163,0.07711219,0.3251402,0.68601954,0.040310003,0.31117657,0.6562744,0.06617866,0.33205792,0.6478455,0.068080485,0.35391462,0.65237623,0.06737664,0.33164012,0.7326094,0.045070425,0.33037984,0.7081098,0.06669185,0.3458658,0.7042982,0.07200995,0.36257935,0.70736843,0.075541064,0.0,0.0,0.0,0.0,0.0,0.0,0.0,0.0,0.0,0.0,0.0,0.0,0.0,0.0,0.0,0.0,0.0,0.0,0.0,0.0,0.0,0.0,0.0,0.0,0.0,0.0,0.0,0.0,0.0,0.0,0.0,0.0,0.0,0.0,0.0,0.0,0.0,0.0,0.0,0.0,0.0,0.0,0.0,0.0,0.0,0.0,0.0,0.0,0.0,0.0,0.0,0.0,0.0,0.0,0.0,0.0,0.0,0.0,0.0,0.0,0.0,0.0,0.0,0.43297043,0.11924823,0.55254865,0.12451367,0.4662243,0.18985279,0.47162068,0.28720766,0.39954585,0.18396325,0.6574303,0.20483734
20,0.46714526,0.72721195,5.267165e-07,0.45581335,0.61181027,0.00707903,0.42564887,0.52953386,0.01628515,0.4113083,0.4614427,0.023168704,0.41391346,0.40577176,0.030217296,0.34563676,0.5702718,0.03199228,0.2822456,0.52130216,0.051020857,0.2499412,0.5005632,0.06273616,0.22730371,0.48267034,0.07102861,0.32523984,0.6325141,0.0380056,0.27308086,0.6084141,0.06799268,0.24298635,0.5985809,0.07930717,0.22593029,0.59862757,0.08509064,0.32473952,0.68565744,0.044003848,0.31096178,0.654869,0.07295904,0.33137527,0.6463033,0.07585633,0.3520913,0.65098137,0.07525669,0.33021528,0.730755,0.049518403,0.32864505,0.7039228,0.07382856,0.3436365,0.69943,0.08009528,0.35998124,0.70221245,0.083919436,0.0,0.0,0.0,0.0,0.0,0.0,0.0,0.0,0.0,0.0,0.0,0.0,0.0,0.0,0.0,0.0,0.0,0.0,0.0,0.0,0.0,0.0,0.0,0.0,0.0,0.0,0.0,0.0,0.0,0.0,0.0,0.0,0.0,0.0,0.0,0.0,0.0,0.0,0.0,0.0,0.0,0.0,0.0,0.0,0.0,0.0,0.0,0.0,0.0,0.0,0.0,0.0,0.0,0.0,0.0,0.0,0.0,0.0,0.0,0.0,0.0,0.0,0.0,0.43297043,0.11924823,0.55254865,0.12451367,0.4662243,0.18985279,0.47162068,0.28720766,0.39954585,0.18396325,0.6574303,0.20483734
21,0.47027326,0.7236308,5.261265e-07,0.45861563,0.6129153,0.0070849843,0.4306417,0.53034174,0.0149577,0.41489753,0.46220848,0.020833734,0.41689163,0.4070459,0.026564635,0.34993437,0.5697501,0.0301592,0.28604254,0.5217697,0.049501754,0.2539371,0.49897277,0.062373985,0.23286867,0.4799683,0.07212391,0.32965243,0.6319824,0.037263177,0.27682585,0.6067938,0.06953479,0.24783266,0.597148,0.08336707,0.23101817,0.5969373,0.090913266,0.3283828,0.6850326,0.044459235,0.31367525,0.65636164,0.07496208,0.3356893,0.6489145,0.07784718,0.35874483,0.65276104,0.07716997,0.3326504,0.72986114,0.05139961,0.33219385,0.7063598,0.076387346,0.34940225,0.7025455,0.08199578,0.36780474,0.7046698,0.085402355,0.0,0.0,0.0,0.0,0.0,0.0,0.0,0.0,0.0,0.0,0.0,0.0,0.0,0.0,0.0,0.0,0.0,0.0,0.0,0.0,0.0,0.0,0.0,0.0,0.0,0.0,0.0,0.0,0.0,0.0,0.0,0.0,0.0,0.0,0.0,0.0,0.0,0.0,0.0,0.0,0.0,0.0,0.0,0.0,0.0,0.0,0.0,0.0,0.0,0.0,0.0,0.0,0.0,0.0,0.0,0.0,0.0,0.0,0.0,0.0,0.0,0.0,0.0,0.4382758,0.12982313,0.55217075,0.13301392,0.4686834,0.20045225,0.47534856,0.28866035,0.409427,0.1863537,0.65563303,0.20223667
22,0.47022504,0.72435915,5.31093e-07,0.4582452,0.6129339,0.007577641,0.4298173,0.5306959,0.016086664,0.41509917,0.4627506,0.022283824,0.41746503,0.40739223,0.028408855,0.3484125,0.56946856,0.031145122,0.28478625,0.5216261,0.05018762,0.2525009,0.49944076,0.06307903,0.23118705,0.48108166,0.07287524,0.32799026,0.6319682,0.03732367,0.2756183,0.6066792,0.068670966,0.2463584,0.59714687,0.08195714,0.22959946,0.5973114,0.08944777,0.32720777,0.68535405,0.04346035,0.3154221,0.6573529,0.072544314,0.33842027,0.6507431,0.07462767,0.36117935,0.65477014,0.073931456,0.3318223,0.7309357,0.049391247,0.33319402,0.70872176,0.073528856,0.3505263,0.70598924,0.078704834,0.3681784,0.70809877,0.08201019,0.0,0.0,0.0,0.0,0.0,0.0,0.0,0.0,0.0,0.0,0.0,0.0,0.0,0.0,0.0,0.0,0.0,0.0,0.0,0.0,0.0,0.0,0.0,0.0,0.0,0.0,0.0,0.0,0.0,0.0,0.0,0.0,0.0,0.0,0.0,0.0,0.0,0.0,0.0,0.0,0.0,0.0,0.0,0.0,0.0,0.0,0.0,0.0,0.0,0.0,0.0,0.0,0.0,0.0,0.0,0.0,0.0,0.0,0.0,0.0,0.0,0.0,0.0,0.4382758,0.12982313,0.55217075,0.13301392,0.4686834,0.20045225,0.47534856,0.28866035,0.409427,0.1863537,0.65563303,0.20223667
23,0.46806908,0.7282175,5.2359536e-07,0.45971674,0.6163953,0.009017153,0.43087423,0.5365957,0.01883588,0.41603073,0.46691468,0.025775356,0.41828308,0.41022497,0.032526445,0.34761897,0.5702638,0.03419122,0.28496605,0.5212968,0.054727666,0.25276002,0.49963996,0.067640275,0.2304146,0.48098344,0.07681564,0.32555526,0.6304682,0.039278384,0.2746599,0.6075396,0.06931982,0.24450509,0.59756315,0.07948528,0.22836027,0.5967955,0.08462307,0.32320607,0.6832484,0.04455738,0.31419757,0.6551071,0.07139266,0.33863655,0.65021634,0.06964182,0.36204857,0.65615225,0.066657975,0.32597455,0.7288037,0.04998778,0.32884598,0.7058081,0.07228,0.34656438,0.70407313,0.0750125,0.36500686,0.70753443,0.07664127,0.0,0.0,0.0,0.0,0.0,0.0,0.0,0.0,0.0,0.0,0.0,0.0,0.0,0.0,0.0,0.0,0.0,0.0,0.0,0.0,0.0,0.0,0.0,0.0,0.0,0.0,0.0,0.0,0.0,0.0,0.0,0.0,0.0,0.0,0.0,0.0,0.0,0.0,0.0,0.0,0.0,0.0,0.0,0.0,0.0,0.0,0.0,0.0,0.0,0.0,0.0,0.0,0.0,0.0,0.0,0.0,0.0,0.0,0.0,0.0,0.0,0.0,0.0,0.4419962,0.121438876,0.55653715,0.12709756,0.47279075,0.18649055,0.47763908,0.27936333,0.40962127,0.18466212,0.6579237,0.20776846
24,0.47110716,0.72986776,5.793608e-07,0.4595073,0.6178897,0.0069009266,0.42991856,0.53489476,0.016022487,0.41511366,0.46656817,0.022291182,0.41775486,0.40960902,0.027860647,0.34766218,0.5714667,0.038906038,0.2852795,0.52337164,0.061327763,0.25312495,0.5019118,0.075293705,0.23097225,0.48323327,0.085329615,0.32661927,0.6319224,0.04556358,0.2763589,0.6087442,0.08042916,0.2466031,0.5993456,0.092771195,0.22975443,0.6000001,0.099290654,0.3257848,0.6848525,0.051494524,0.31609488,0.6581926,0.081899144,0.33970085,0.65070564,0.0790439,0.3625476,0.65505576,0.07498744,0.32959846,0.7312942,0.057267874,0.33100423,0.7092408,0.08106654,0.34913585,0.7062135,0.082478836,0.36797544,0.7088143,0.08296233,0.0,0.0,0.0,0.0,0.0,0.0,0.0,0.0,0.0,0.0,0.0,0.0,0.0,0.0,0.0,0.0,0.0,0.0,0.0,0.0,0.0,0.0,0.0,0.0,0.0,0.0,0.0,0.0,0.0,0.0,0.0,0.0,0.0,0.0,0.0,0.0,0.0,0.0,0.0,0.0,0.0,0.0,0.0,0.0,0.0,0.0,0.0,0.0,0.0,0.0,0.0,0.0,0.0,0.0,0.0,0.0,0.0,0.0,0.0,0.0,0.0,0.0,0.0,0.43719187,0.1199031,0.5546024,0.12656479,0.46757287,0.1939363,0.47302252,0.28787023,0.40582418,0.18019356,0.66000915,0.20387484
25,0.47067392,0.72775114,5.397803e-07,0.45794007,0.61370426,0.008667375,0.4303927,0.5321409,0.016257742,0.41603464,0.46279442,0.021914069,0.41959754,0.40613887,0.027725816,0.34905028,0.5728625,0.026432492,0.28427655,0.52180743,0.044846363,0.25223508,0.5007682,0.05684301,0.22965847,0.4822796,0.06558899,0.3268956,0.63461095,0.032877903,0.2725055,0.61000675,0.063804835,0.24353033,0.5982097,0.077287346,0.22806346,0.59576625,0.08447507,0.32563218,0.6872578,0.04032236,0.31263435,0.65553254,0.07253036,0.33168307,0.6448179,0.079357065,0.35312313,0.6485051,0.080827445,0.33156845,0.73120475,0.04730662,0.3333519,0.7005973,0.07547653,0.34784076,0.69172764,0.08491443,0.364912,0.69162494,0.09074714,0.0,0.0,0.0,0.0,0.0,0.0,0.0,0.0,0.0,0.0,0.0,0.0,0.0,0.0,0.0,0.0,0.0,0.0,0.0,0.0,0.0,0.0,0.0,0.0,0.0,0.0,0.0,0.0,0.0,0.0,0.0,0.0,0.0,0.0,0.0,0.0,0.0,0.0,0.0,0.0,0.0,0.0,0.0,0.0,0.0,0.0,0.0,0.0,0.0,0.0,0.0,0.0,0.0,0.0,0.0,0.0,0.0,0.0,0.0,0.0,0.0,0.0,0.0,0.43474802,0.11509599,0.554068,0.12530752,0.46433517,0.19057621,0.46866757,0.28537,0.40232313,0.17389698,0.66061467,0.2052219
26,0.47305095,0.72848386,5.393798e-07,0.46063465,0.61608255,0.007365073,0.43182802,0.53537846,0.016496802,0.4169353,0.4656282,0.023450933,0.41801232,0.40886167,0.03036855,0.35215583,0.5729842,0.03192311,0.28711662,0.524718,0.052465454,0.25435996,0.5029773,0.06537127,0.23130406,0.48517352,0.07450437,0.330048,0.63416195,0.038159598,0.27602908,0.60781515,0.07038844,0.24551825,0.5970439,0.0825925,0.22856034,0.59673756,0.08866257,0.32779455,0.6872263,0.044502653,0.31360206,0.6599236,0.0750089,0.33502093,0.6507912,0.076788865,0.35762727,0.65316397,0.07502666,0.3315068,0.73229504,0.050473217,0.33185416,0.7083628,0.075502336,0.348416,0.70220435,0.080501065,0.3665233,0.70250577,0.0831358,0.0,0.0,0.0,0.0,0.0,0.0,0.0,0.0,0.0,0.0,0.0,0.0,0.0,0.0,0.0,0.0,0.0,0.0,0.0,0.0,0.0,0.0,0.0,0.0,0.0,0.0,0.0,0.0,0.0,0.0,0.0,0.0,0.0,0.0,0.0,0.0,0.0,0.0,0.0,0.0,0.0,0.0,0.0,0.0,0.0,0.0,0.0,0.0,0.0,0.0,0.0,0.0,0.0,0.0,0.0,0.0,0.0,0.0,0.0,0.0,0.0,0.0,0.0,0.4341751,0.12572338,0.5490656,0.12967016,0.46629193,0.18870075,0.47193676,0.28241128,0.40212777,0.19103543,0.6507434,0.20962565
27,0.47042465,0.7223208,5.380529e-07,0.46044502,0.6101259,0.008187923,0.432693,0.52882534,0.018322637,0.41802362,0.46169564,0.025983695,0.41916043,0.40769482,0.033574276,0.34634104,0.56626683,0.034848824,0.28399763,0.51780134,0.055641893,0.2535466,0.497017,0.06802784,0.23120075,0.47951537,0.07658745,0.32552266,0.62769306,0.040266905,0.27522242,0.60404956,0.07155552,0.24564338,0.5937993,0.082120806,0.22918817,0.59472746,0.08708588,0.32605857,0.6811226,0.045642305,0.31736827,0.6557709,0.07366514,0.3389764,0.64745903,0.07265354,0.36049852,0.65132254,0.069650166,0.3323332,0.72728854,0.050915614,0.33577812,0.7059679,0.0736543,0.35167888,0.70200324,0.07653819,0.36896932,0.7035954,0.07790873,0.0,0.0,0.0,0.0,0.0,0.0,0.0,0.0,0.0,0.0,0.0,0.0,0.0,0.0,0.0,0.0,0.0,0.0,0.0,0.0,0.0,0.0,0.0,0.0,0.0,0.0,0.0,0.0,0.0,0.0,0.0,0.0,0.0,0.0,0.0,0.0,0.0,0.0,0.0,0.0,0.0,0.0,0.0,0.0,0.0,0.0,0.0,0.0,0.0,0.0,0.0,0.0,0.0,0.0,0.0,0.0,0.0,0.0,0.0,0.0,0.0,0.0,0.0,0.43632925,0.11553396,0.5556075,0.12336011,0.47042403,0.18414779,0.47411904,0.2799101,0.40006286,0.18163066,0.65489763,0.2073925
28,0.47376317,0.72683144,5.192873e-07,0.4617679,0.6164504,0.002308031,0.43272734,0.532124,0.008924211,0.41818818,0.4616475,0.01417972,0.42051747,0.40666068,0.019680595,0.34966534,0.5686109,0.021839965,0.2862979,0.51959026,0.037193023,0.25376183,0.498204,0.04653036,0.23026192,0.4794327,0.053069774,0.3282263,0.63043326,0.028025808,0.2772451,0.60461456,0.053727333,0.24815223,0.5946274,0.06249046,0.23172553,0.5944887,0.066268906,0.3265518,0.6839467,0.034137703,0.3170144,0.6551413,0.057343796,0.3392334,0.6483767,0.057415754,0.3621299,0.65466326,0.05545767,0.33049127,0.7296088,0.03954029,0.33318916,0.70427763,0.058096003,0.35087916,0.7001047,0.06172094,0.36905494,0.702157,0.06418454,0.0,0.0,0.0,0.0,0.0,0.0,0.0,0.0,0.0,0.0,0.0,0.0,0.0,0.0,0.0,0.0,0.0,0.0,0.0,0.0,0.0,0.0,0.0,0.0,0.0,0.0,0.0,0.0,0.0,0.0,0.0,0.0,0.0,0.0,0.0,0.0,0.0,0.0,0.0,0.0,0.0,0.0,0.0,0.0,0.0,0.0,0.0,0.0,0.0,0.0,0.0,0.0,0.0,0.0,0.0,0.0,0.0,0.0,0.0,0.0,0.0,0.0,0.0,0.43497583,0.12343545,0.5505446,0.119969174,0.47203675,0.17895104,0.4806447,0.27412456,0.40265152,0.19461949,0.6510402,0.1958174
29,0.4720732,0.7238123,5.2710277e-07,0.46218833,0.6145155,0.004811983,0.43499932,0.5346759,0.010847277,0.41958448,0.4626332,0.015022454,0.4186292,0.40437108,0.01924022,0.34967023,0.5653901,0.023458568,0.28715888,0.5169966,0.039587434,0.25587356,0.49634755,0.050189316,0.23327439,0.47813338,0.057848807,0.3273133,0.62712157,0.028784594,0.2732815,0.60558546,0.055708084,0.24534395,0.5960992,0.06655138,0.23112343,0.5945809,0.07208111,0.32586187,0.68213636,0.034216955,0.31593022,0.6559309,0.05900486,0.33787718,0.6491815,0.06030762,0.36002547,0.65377676,0.05919133,0.33068803,0.72977614,0.039210066,0.33328465,0.7080599,0.060588967,0.35055622,0.7050046,0.06565795,0.36813685,0.7066234,0.06885784,0.0,0.0,0.0,0.0,0.0,0.0,0.0,0.0,0.0,0.0,0.0,0.0,0.0,0.0,0.0,0.0,0.0,0.0,0.0,0.0,0.0,0.0,0.0,0.0,0.0,0.0,0.0,0.0,0.0,0.0,0.0,0.0,0.0,0.0,0.0,0.0,0.0,0.0,0.0,0.0,0.0,0.0,0.0,0.0,0.0,0.0,0.0,0.0,0.0,0.0,0.0,0.0,0.0,0.0,0.0,0.0,0.0,0.0,0.0,0.0,0.0,0.0,0.0,0.431365,0.11599861,0.54982096,0.11902352,0.46470034,0.18216194,0.4712562,0.27851796,0.39970195,0.18207674,0.6544513,0.19830061
